INSERT INTO Indications(indication_id,name,description) VALUES (1, 'Anorexia', 'Falta de apetito.')
INSERT INTO Indications(indication_id,name,description) VALUES (2, 'Trastornos Digestivos', 'Todas aquellas molestias que se padecen en la digestión, tanto en el proceso como en la eliminación.')
INSERT INTO Indications(indication_id,name,description) VALUES (3, 'Trastornos Hepáticos', 'Se aplica a muchas enfermedades que impiden que el hígado funcione o evitan que trabaje bien.')
INSERT INTO Indications(indication_id,name,description) VALUES (4, 'Estreñimiento', 'Retraso o dificultad en la evacuación intestinal.')
INSERT INTO Indications(indication_id,name,description) VALUES (5, 'Catarros', 'Resfriados o resfríos.')
INSERT INTO Indications(indication_id,name,description) VALUES (6, 'Malestares Digestivos', 'Sensación de dolor o ardor en la parte superior del abdomen, acompañada de agruras y eructos.')
INSERT INTO Indications(indication_id,name,description) VALUES (7, 'Menstruaciones Dolorosas', 'La dismenorrea consiste en dolor en la pelvis durante la menstruación.')
INSERT INTO Indications(indication_id,name,description) VALUES (8, 'Infecciones Urinarias', 'Ardor al Orinar')
INSERT INTO Indications(indication_id,name,description) VALUES (9, 'Bebida Refrescante', 'Son bebidas analcohólicas, carbonatadas o no, preparadas con agua.')
INSERT INTO Indications(indication_id,name,description) VALUES (10, 'Flatulencias', 'Molestia o indisposición debida a la acumulación excesiva de gases en el aparato digestivo.')
INSERT INTO Indications(indication_id,name,description) VALUES (11, 'Acidez Gástrica', 'Exceso de jugo gástrico en el estómago, especialmente después de las comidas.')
INSERT INTO Indications(indication_id,name,description) VALUES (12, 'Espasmo Gastrointestinal', 'Contracción brusca e involuntaria de un músculo u órgano')
INSERT INTO Indications(indication_id,name,description) VALUES (13, 'Anemia', 'Disminución de los glóbulos rojos en la sangre. Aparece palidez, frialdad en pies y  manos y cansancio general.')
INSERT INTO Indications(indication_id,name,description) VALUES (14, 'Antiparasitario', 'Que elimina o expulsa los parásitos intestinales. Vermífugo.')
INSERT INTO Indications(indication_id,name,description) VALUES (15, 'Digestivo', 'Que facilita la digestión. Eupéptico.')
INSERT INTO Indications(indication_id,name,description) VALUES (16, 'Antiinflamatorio', 'Que reduce las inflamaciones.')
INSERT INTO Herbs (herb_id, name, properties, posology, image) VALUES (1, 'Achicoria',	'Digestivo, ligeramente laxante, diurético, aperitivo y vermífugo.', 'Las raices se usan secas y cortadas, en decocción. Las hojas tiernas se usan en ensaladas y también en infusión.', 'i_achicoria')
INSERT INTO Herbs (herb_id, name, properties, posology, image) VALUES (2, 'Ajenjo', 'Carminativo, expectorante, antihelmíntico, antiséptico, antifúngico, diurético, espasmolítico y emenagogo.', 'Catarros, envenenamientos, malestares digestivos, menstruaciones difíciles y dolorosas. Eficaz para combatir la falta de apetito, afecciones del hígado, hidropesía, mal aliento, pujos. Limpia y regulariza el funcionamiento del estómago, hígado, riñones, vejiga y pulmones.', 'i_ajenjo')
INSERT INTO Herbs (herb_id, name, properties, posology, image) VALUES (3, 'Batatilla', 'Refrescante, diurético y depurativo', 'Infecciones de las vías urinarias. Bebida refrescante.', 'i_batatilla')
INSERT INTO Herbs (herb_id, name, properties, posology, image) VALUES (4, 'Burrito', 'Digestivo, carminativo, protector hepático.', 'Digestiones lentas, después de comidas copiosas, en flatulencias y acidez gástrica.', 'i_burrito')
INSERT INTO Herbs (herb_id, name, properties, posology, image) VALUES (5, 'Cedrón Paraguay', 'Digestivo y sudorífico, carminativo y espasmolítico.', 'Dolores del estómago y de los intestinos, especialmente de origen nervioso. Espasmos gastrointestinales y dolores menstruales.', 'i_cedronpy')
INSERT INTO Herbs (herb_id, name, properties, posology, image) VALUES (6, 'Cola de Caballo', 'Remineralizante, cicatrizante, astringente y diurético.', 'Anemia, fatiga y convalecencia. Obesidad, hipertensión, infecciones del aparato genito-urinario, menstruaciones dolorosas, fracturas y heridas, hemorragias y lavados oculares.', 'i_coladecaballo')
INSERT INTO Herbs (herb_id, name, properties, posology, image) VALUES (7, 'Ka`are', 'Digestivo, antianémico, antimicrobiano, antiparasitario y vermífugo.', 'La infusión de las hojas o de la parte aérea de la planta se usa en flatulencias, dispepsias y trastornos gastrointestinales', 'i_kaare')
INSERT INTO Herbs (herb_id, name, properties, posology, image) VALUES (8, 'Kapi`i Kati', 'Digestivo, carminativo, antiespasmódico, diurético y sudorífero.', 'Trastornos digestivos e infecciones genitales.', 'i_kapiikati')
INSERT INTO Herbs (herb_id, name, properties, posology, image) VALUES (9, 'Koku', 'Eficaz para el tratamiento de las afecciones del hígado y de las vías biliares. También como digestivo.', 'Para combatir la ictericia, así como diversas afecciones hepáticas', 'i_koku')
INSERT INTO Herbs (herb_id, name, properties, posology, image) VALUES (10, 'Manzanilla', 'Antiinflamatorio, antimicrobiano, carminativo, espasmolítico, antiulceroso y ligeramente sedante. En uso externo es antiséptico y antiinflamatorio.', 'Dispepsia, perturbaciones estomacales en general, diarreas, náuseas y flatulencias.  Menstruaciones dolorosas y como tranquilizante en niños. En uso externo se utiliza para curar y cicatrizar heridas. También se usa para cualquier afección de la piel e inflamaciones de los ojos', 'i_manzanilla')
INSERT INTO Herbs (herb_id, name, properties, posology, image) VALUES (11, 'Menta', 'Digestivo, carminativo, colerético, colagogo y antiséptico. También es expectorante y fluidificante de las secreciones bronquiales. En uso externo tiene propiedades antiinflamatorias y antisépticas.', 'Trastornos digestivos y del hígado. Eficaz contra los catarros porque favorece la expectoración. En uso externo esta indicada en afecciones reumáticas y neuralgias.', 'i_menta')
INSERT INTO Ingests (ingest_id, name) VALUES (1, 'Decocción')
INSERT INTO Ingests (ingest_id, name) VALUES (2, 'Infusión Caliente')
INSERT INTO Ingests (ingest_id, name) VALUES (3, 'Infusión Fria')
INSERT INTO Ingests (ingest_id, name) VALUES (4, 'Tereré(Infusión fria con yerba mate)')
INSERT INTO Ingests (ingest_id, name) VALUES (5, 'Decocción(Uso Externo)')
INSERT INTO Ingests (ingest_id, name) VALUES (6, 'Compresas(Uso Externo)')
INSERT INTO Places (place_id, name, address, gps_lat, gps_lon, phone) VALUES (1, 'Avenida Japon', 'Av. Japón c/ Capellán Molas.', '-27.3492319', '-55.8618089', 'A declarar.')
INSERT INTO Places (place_id, name, address, gps_lat, gps_lon, phone) VALUES (2, 'Mercado Municipal', 'Encarnación.', '-27.3494824', '-55.8586726', 'A declarar.')
INSERT INTO Places (place_id, name, address, gps_lat, gps_lon, phone) VALUES (3, 'Circuito Comercial', 'Av. Moises Bertoni.', '-27.3560026', '-55.8470893', 'A declarar.')
INSERT INTO Places (place_id, name, address, gps_lat, gps_lon, phone) VALUES (4, 'Amanecer', 'W. Lovera c/ Curupayty.', '-27.335120', '-55.857084', 'A declarar.')
INSERT INTO Places (place_id, name, address, gps_lat, gps_lon, phone) VALUES (5, 'Mcal. Estigarribia c/ Villarrica', 'Mcal. Estigarribia c/ Villarrica.', '-27.330742', '-55.8659159', 'A declarar.')
INSERT INTO Places (place_id, name, address, gps_lat, gps_lon, phone) VALUES (6, 'Ysyry', 'Mcal. Estigarribia y Av. Caballero.', '-27.326458', '-55.867023', 'A declarar.')
INSERT INTO Places (place_id, name, address, gps_lat, gps_lon, phone) VALUES (7, 'H. Gonzalez y Av. Caballero', 'H. Gonzalez y Av. Caballero.', '-27.325947', '-55.860868', 'A declarar.')
INSERT INTO Places (place_id, name, address, gps_lat, gps_lon, phone) VALUES (8, 'Av. Irrazabal y Ruta 6ta', 'Av. Irrazabal y Ruta 6ta.', '-27.325536', '-55.859112', 'A declarar.')
INSERT INTO Places (place_id, name, address, gps_lat, gps_lon, phone) VALUES (9, 'Terminal de Omnibus', 'Mcal. Estigarribia y Gral. Cabañas.', '-27.3401461', '-55.864747', 'A declarar.')
INSERT INTO Indications_by_herbs (herb_id,indication_id) VALUES (1,1)
INSERT INTO Indications_by_herbs (herb_id,indication_id) VALUES (1,2)
INSERT INTO Indications_by_herbs (herb_id,indication_id) VALUES (1,3)
INSERT INTO Indications_by_herbs (herb_id,indication_id) VALUES (1,4)
INSERT INTO Indications_by_herbs (herb_id,indication_id) VALUES (2,5)
INSERT INTO Indications_by_herbs (herb_id,indication_id) VALUES (2,6)
INSERT INTO Indications_by_herbs (herb_id,indication_id) VALUES (2,7)
INSERT INTO Indications_by_herbs (herb_id,indication_id) VALUES (3,8)
INSERT INTO Indications_by_herbs (herb_id,indication_id) VALUES (3,9)
INSERT INTO Indications_by_herbs (herb_id,indication_id) VALUES (4,10)
INSERT INTO Indications_by_herbs (herb_id,indication_id) VALUES (4,11)
INSERT INTO Indications_by_herbs (herb_id,indication_id) VALUES (5,10)
INSERT INTO Indications_by_herbs (herb_id,indication_id) VALUES (5,12)
INSERT INTO Indications_by_herbs (herb_id,indication_id) VALUES (6,7)
INSERT INTO Indications_by_herbs (herb_id,indication_id) VALUES (6,8)
INSERT INTO Indications_by_herbs (herb_id,indication_id) VALUES (6,13)
INSERT INTO Indications_by_herbs (herb_id,indication_id) VALUES (7,10)
INSERT INTO Indications_by_herbs (herb_id,indication_id) VALUES (7,12)
INSERT INTO Indications_by_herbs (herb_id,indication_id) VALUES (7,14)
INSERT INTO Indications_by_herbs (herb_id,indication_id) VALUES (8,2)
INSERT INTO Indications_by_herbs (herb_id,indication_id) VALUES (8,10)
INSERT INTO Indications_by_herbs (herb_id,indication_id) VALUES (8,15)
INSERT INTO Indications_by_herbs (herb_id,indication_id) VALUES (8,12)
INSERT INTO Indications_by_herbs (herb_id,indication_id) VALUES (9,2)
INSERT INTO Indications_by_herbs (herb_id,indication_id) VALUES (9,3)
INSERT INTO Indications_by_herbs (herb_id,indication_id) VALUES (9,15)
INSERT INTO Indications_by_herbs (herb_id,indication_id) VALUES (10,7)
INSERT INTO Indications_by_herbs (herb_id,indication_id) VALUES (10,10)
INSERT INTO Indications_by_herbs (herb_id,indication_id) VALUES (10,12)
INSERT INTO Indications_by_herbs (herb_id,indication_id) VALUES (10,16)
INSERT INTO Indications_by_herbs (herb_id,indication_id) VALUES (11,2)
INSERT INTO Indications_by_herbs (herb_id,indication_id) VALUES (11,3)
INSERT INTO Indications_by_herbs (herb_id,indication_id) VALUES (11,10)
INSERT INTO Indications_by_herbs (herb_id,indication_id) VALUES (11,15)
INSERT INTO Indications_by_herbs (herb_id,indication_id) VALUES (11,16)
INSERT INTO Ingests_by_herbs (ingest_id, herb_id) VALUES (1,1)
INSERT INTO Ingests_by_herbs (ingest_id, herb_id) VALUES (2,1)
INSERT INTO Ingests_by_herbs (ingest_id, herb_id) VALUES (2,2)
INSERT INTO Ingests_by_herbs (ingest_id, herb_id) VALUES (3,3)
INSERT INTO Ingests_by_herbs (ingest_id, herb_id) VALUES (4,3)
INSERT INTO Ingests_by_herbs (ingest_id, herb_id) VALUES (2,4)
INSERT INTO Ingests_by_herbs (ingest_id, herb_id) VALUES (2,5)
INSERT INTO Ingests_by_herbs (ingest_id, herb_id) VALUES (2,6)
INSERT INTO Ingests_by_herbs (ingest_id, herb_id) VALUES (3,6)
INSERT INTO Ingests_by_herbs (ingest_id, herb_id) VALUES (2,7)
INSERT INTO Ingests_by_herbs (ingest_id, herb_id) VALUES (5,7)
INSERT INTO Ingests_by_herbs (ingest_id, herb_id) VALUES (2,8)
INSERT INTO Ingests_by_herbs (ingest_id, herb_id) VALUES (3,8)
INSERT INTO Ingests_by_herbs (ingest_id, herb_id) VALUES (4,8)
INSERT INTO Ingests_by_herbs (ingest_id, herb_id) VALUES (2,9)
INSERT INTO Ingests_by_herbs (ingest_id, herb_id) VALUES (4,9)
INSERT INTO Ingests_by_herbs (ingest_id, herb_id) VALUES (2,10)
INSERT INTO Ingests_by_herbs (ingest_id, herb_id) VALUES (6,10)
INSERT INTO Ingests_by_herbs (ingest_id, herb_id) VALUES (2,11)
INSERT INTO Ingests_by_herbs (ingest_id, herb_id) VALUES (4,11)
INSERT INTO Places_by_herbs (herb_id, place_id) VALUES (1,1)
INSERT INTO Places_by_herbs (herb_id, place_id) VALUES (1,2)
INSERT INTO Places_by_herbs (herb_id, place_id) VALUES (1,9)
INSERT INTO Places_by_herbs (herb_id, place_id) VALUES (2,1)
INSERT INTO Places_by_herbs (herb_id, place_id) VALUES (2,2)
INSERT INTO Places_by_herbs (herb_id, place_id) VALUES (2,3)
INSERT INTO Places_by_herbs (herb_id, place_id) VALUES (2,9)
INSERT INTO Places_by_herbs (herb_id, place_id) VALUES (3,1)
INSERT INTO Places_by_herbs (herb_id, place_id) VALUES (3,2)
INSERT INTO Places_by_herbs (herb_id, place_id) VALUES (3,3)
INSERT INTO Places_by_herbs (herb_id, place_id) VALUES (3,4)
INSERT INTO Places_by_herbs (herb_id, place_id) VALUES (3,5)
INSERT INTO Places_by_herbs (herb_id, place_id) VALUES (3,6)
INSERT INTO Places_by_herbs (herb_id, place_id) VALUES (3,7)
INSERT INTO Places_by_herbs (herb_id, place_id) VALUES (3,8)
INSERT INTO Places_by_herbs (herb_id, place_id) VALUES (3,9)
INSERT INTO Places_by_herbs (herb_id, place_id) VALUES (4,1)
INSERT INTO Places_by_herbs (herb_id, place_id) VALUES (4,2)
INSERT INTO Places_by_herbs (herb_id, place_id) VALUES (4,4)
INSERT INTO Places_by_herbs (herb_id, place_id) VALUES (4,6)
INSERT INTO Places_by_herbs (herb_id, place_id) VALUES (4,8)
INSERT INTO Places_by_herbs (herb_id, place_id) VALUES (5,2)
INSERT INTO Places_by_herbs (herb_id, place_id) VALUES (5,4)
INSERT INTO Places_by_herbs (herb_id, place_id) VALUES (5,5)
INSERT INTO Places_by_herbs (herb_id, place_id) VALUES (5,7)
INSERT INTO Places_by_herbs (herb_id, place_id) VALUES (5,9)
INSERT INTO Places_by_herbs (herb_id, place_id) VALUES (6,1)
INSERT INTO Places_by_herbs (herb_id, place_id) VALUES (6,2)
INSERT INTO Places_by_herbs (herb_id, place_id) VALUES (6,4)
INSERT INTO Places_by_herbs (herb_id, place_id) VALUES (6,8)
INSERT INTO Places_by_herbs (herb_id, place_id) VALUES (6,9)
INSERT INTO Places_by_herbs (herb_id, place_id) VALUES (7,1)
INSERT INTO Places_by_herbs (herb_id, place_id) VALUES (7,2)
INSERT INTO Places_by_herbs (herb_id, place_id) VALUES (7,3)
INSERT INTO Places_by_herbs (herb_id, place_id) VALUES (8,1)
INSERT INTO Places_by_herbs (herb_id, place_id) VALUES (8,2)
INSERT INTO Places_by_herbs (herb_id, place_id) VALUES (8,3)
INSERT INTO Places_by_herbs (herb_id, place_id) VALUES (8,4)
INSERT INTO Places_by_herbs (herb_id, place_id) VALUES (8,5)
INSERT INTO Places_by_herbs (herb_id, place_id) VALUES (8,6)
INSERT INTO Places_by_herbs (herb_id, place_id) VALUES (8,7)
INSERT INTO Places_by_herbs (herb_id, place_id) VALUES (8,8)
INSERT INTO Places_by_herbs (herb_id, place_id) VALUES (8,9)
INSERT INTO Places_by_herbs (herb_id, place_id) VALUES (9,1)
INSERT INTO Places_by_herbs (herb_id, place_id) VALUES (9,2)
INSERT INTO Places_by_herbs (herb_id, place_id) VALUES (9,3)
INSERT INTO Places_by_herbs (herb_id, place_id) VALUES (9,4)
INSERT INTO Places_by_herbs (herb_id, place_id) VALUES (9,5)
INSERT INTO Places_by_herbs (herb_id, place_id) VALUES (9,6)
INSERT INTO Places_by_herbs (herb_id, place_id) VALUES (9,7)
INSERT INTO Places_by_herbs (herb_id, place_id) VALUES (9,8)
INSERT INTO Places_by_herbs (herb_id, place_id) VALUES (9,9)
INSERT INTO Places_by_herbs (herb_id, place_id) VALUES (10,2)
INSERT INTO Places_by_herbs (herb_id, place_id) VALUES (10,4)
INSERT INTO Places_by_herbs (herb_id, place_id) VALUES (10,5)
INSERT INTO Places_by_herbs (herb_id, place_id) VALUES (10,7)
INSERT INTO Places_by_herbs (herb_id, place_id) VALUES (10,9)
INSERT INTO Places_by_herbs (herb_id, place_id) VALUES (11,1)
INSERT INTO Places_by_herbs (herb_id, place_id) VALUES (11,2)
INSERT INTO Places_by_herbs (herb_id, place_id) VALUES (11,3)
INSERT INTO Places_by_herbs (herb_id, place_id) VALUES (11,4)
INSERT INTO Places_by_herbs (herb_id, place_id) VALUES (11,5)
INSERT INTO Places_by_herbs (herb_id, place_id) VALUES (11,6)
INSERT INTO Places_by_herbs (herb_id, place_id) VALUES (11,7)
INSERT INTO Places_by_herbs (herb_id, place_id) VALUES (11,8)
INSERT INTO Places_by_herbs (herb_id, place_id) VALUES (11,9)